-- tb_department, tb_customer는 데이터 있으므로 추가x

INSERT INTO tb_user (user_no, email, employee_id, join_date, name, password, role, dept_id, created_at, updated_at)
VALUES
    (4, 'user3@example.com', 'EMP004', '2024-04-10', '최미진', 'password123', 'USER', 4, NOW(), NOW()),
    (5, 'user4@example.com', 'EMP005', '2024-05-15', '정우진', 'password123', 'USER', 5, NOW(), NOW());

# INSERT INTO tb_calendar (user_no) VALUES (1), (2), (3), (4), (5);

INSERT INTO tb_process (process_no, created_at, updated_at, description, expected_duration, is_default, process_name)
VALUES
    (1, NOW(), NOW(), '계약 체결 과정', 30, 1, '계약'),
    (2, NOW(), NOW(), '제안서 작성 과정', 20, 0, '제안서'),
    (3, NOW(), NOW(), '견적서 검토 과정', 15, 0, '견적서'),
    (4, NOW(), NOW(), '고객 협상 과정', 25, 1, '협상'),
    (5, NOW(), NOW(), '영업 전략 수립 과정', 40, 0, '영업 전략');

INSERT INTO tb_lead (created_at, updated_at, aware_path, start_date, end_date, exp_margin, exp_profit, exp_sales, name, note, process, status, sub_process, sucess_per, customer_no)
VALUES
    (NOW(), NOW(), 'DEMO', '2024-06-01', '2024-12-01', 500, 2000, 5000, '신규 거래처 확보', '확보를 위한 전략 논의', 1, 'PROGRESS', 1, 70, 1),
    (NOW(), NOW(), 'PARTNER', '2024-03-15', '2024-08-20', 800, 3000, 6000, '파트너사 신규 계약', '파트너사 계약 체결 준비', 2, 'PROGRESS', 2, 20,2),
    (NOW(), NOW(), 'EXISTING', '2024-02-10', '2024-07-15', 700, 2500, 7000, '기존 거래처 리뉴얼', '계약 리뉴얼 논의', 3, 'SUCCESS', 3, 80, 3),
    (NOW(), NOW(), 'EDUCATION', '2024-05-01', '2024-09-01', 600, 2200, 5500, '교육 프로그램 참여', '교육 프로그램 제공 논의', 4, 'HOLD', 4, 65, 4),
    (NOW(), NOW(), 'SEARCH', '2024-04-10', '2024-10-10', 900, 3200, 7500, '검색 통한 신규 고객 확보', '검색 마케팅 준비', 5, 'PROGRESS', 5, 85, 5);

INSERT INTO tb_act (created_at, updated_at, no, act_cont, act_date, cls, complete_yn, end_time, name, plan_cont, purpose, start_time, calendar_no, lead_no)
VALUES
    (NOW(), NOW(), 1, '화상 회의 플랫폼 논의', '2024-10-01', 'ONLINE', 'N', '15:00', '프로젝트 회의 준비', '신규 회의 준비', '프로젝트 논의', '13:00', 1, 1),
    (NOW(), NOW(), 2, '거래처 방문', '2024-10-03', 'VISIT', 'Y', '17:00', '거래처 미팅', '계약 관련 회의', '상담 및 계약 체결', '15:00', 1, 2),
    (NOW(), NOW(), 3, '전화 문의 응대', '2024-10-05', 'PHONE', 'N', '11:30', '문의사항 해결', '고객 문의 사항 응대', '고객 응대', '10:00', 1, 3),
    (NOW(), NOW(), 4, '이메일 발송', '2024-10-07', 'EMAIL', 'Y', '14:00', '정보 이메일 발송', '상품 정보 제공', '상품 홍보 및 고객 안내', '13:00', 1, 4),
    (NOW(), NOW(), 5, '온라인 미팅 준비', '2024-11-01', 'OTHER', 'N', '16:00', '프로젝트 미팅', '프로젝트 논의', '프로젝트 진행 상황 점검', '14:00', 1, 5);

INSERT INTO tb_plan (no, created_at, updated_at, content, end_time, personal_yn, plan_cls, plan_date, start_time, title, calendar_no)
VALUES
    (1, NOW(), NOW(), '팀원 전체 회의', '10:00', 'N', 'COMPANY', '2024-11-02', '09:00', '회의 일정', 1),
    (2, NOW(), NOW(), '신규 계약 검토', '15:00', 'Y', 'CONTRACT', '2024-10-04', '13:00', '계약 검토', 1),
    (3, NOW(), NOW(), '개인 개발 공부', '22:00', 'Y', 'PERSONAL', '2024-10-21', '20:00', '개인 학습', 1),
    (4, NOW(), NOW(), '견적서 작성', '17:00', 'N', 'ESTIMATE', '2024-10-11', '15:00', '견적서 작업', 1),
    (5, NOW(), NOW(), '영업 전략 회의', '16:00', 'N', 'SALES', '2024-10-3', '14:00', '영업 전략 논의', 1),
    (6, NOW(), NOW(), '제안서 서식 정리', '22:00', 'Y', 'PROPOSAL', '2024-10-14', '10:00', '제안서 서식', 1),
    (7, NOW(), NOW(), 'OJT', '17:00', 'N', 'COMPANY', '2024-10-17', '15:00', '신입사원 OJT', 1);

INSERT INTO tb_todo (todo_no, created_at, updated_at, content, due_date, priority, private_yn, status, title, todo_cls, calendar_no)
VALUES
    (1, NOW(), NOW(), '고객사 자료 준비', '2024-10-10', 'HIGH', 'N', 'TODO', '자료 준비', 'SALES', 1),
    (2, NOW(), NOW(), '팀 회의 참석', '2024-10-27', 'MEDIUM', 'N', 'INPROGRESS', '회의 참여', 'COMPANY', 1),
    (3, NOW(), NOW(), '개인 일정 조율', '2024-09-29', 'LOW', 'Y', 'DONE', '일정 조율', 'PERSONAL', 1),
    (4, NOW(), NOW(), '계약서 내용 확인', '2024-11-05', 'HIGH', 'N', 'TODO', '계약서 검토', 'CONTRACT', 1),
    (5, NOW(), NOW(), '이메일 답변 작성', '2024-09-30', 'MEDIUM', 'N', 'TODO', '이메일 답변', 'EMAIL', 1);

INSERT INTO tb_poetntial_customer (p_cust_no, created_at, updated_at, addr, cls, company, dept, email, fax, grade, modify_date, name, note, phone, position, register_date,tel)
VALUES
    (1, NOW(), NOW(), '서울시 강남구', 'B2B', 'POC 회사', '영업부', 'poc1@poc.com', '02-111-2222', 'A', NOW(), '홍길동', '잠재 고객 관리 필요', '010-8888-9999', '과장', NOW(), '02-999-8888'),
    (2, NOW(), NOW(), '서울시 서초구', 'B2C', 'POC2 회사', '개발부', 'poc2@poc.com', '02-222-3333', 'B', NOW(), '이순신', '기술 문의 진행 중', '010-7777-6666', '팀장', NOW(),'02-888-7777'),
    (3, NOW(), NOW(), '서울시 종로구', 'B2B', 'POC3 회사', '기획부', 'poc3@poc.com', '02-333-4444', 'C', NOW(), '박문수', '견적서 요청 예정', '010-5555-4444', '대리', NOW(),  '02-777-6666'),
    (4, NOW(), NOW(), '서울시 중구', 'B2C', 'POC4 회사', '인사부', 'poc4@poc.com', '02-444-5555', 'A', NOW(), '최영', '고객사 미팅 예정', '010-3333-2222', '사원', NOW(),'02-666-5555'),
    (5, NOW(), NOW(), '서울시 용산구', 'B2B', 'POC5 회사', '총무부', 'poc5@poc.com', '02-555-6666', 'S', NOW(), '정몽주', '계약 준비 중', '010-1111-0000', '부장', NOW(), '02-555-4444');

INSERT INTO tb_contact_history (contact_history_no, created_at, updated_at, cls, contact_date, content, p_cust_no, user_no)
VALUES
    (1, NOW(), NOW(), 'CALL', '2024-07-01', '고객사 문의 전화 응대', 1, 1),
    (2, NOW(), NOW(), 'EMAIL', '2024-07-02', '계약 관련 이메일 발송', 2, 2),
    (3, NOW(), NOW(), 'VISIT', '2024-07-03', '거래처 방문 상담', 3, 3),
    (4, NOW(), NOW(), 'ONLINE_MEET', '2024-07-04', '온라인 미팅 진행', 4, 4),
    (5, NOW(), NOW(), 'CHANNEL_TALK', '2024-07-05', '고객 상담 채팅', 5, 5);

INSERT INTO tb_proposal (prop_no, created_at, updated_at, cont, end_date, name, note, pr_date, req_date, start_date, submit_date, lead_no)
VALUES
    (1, NOW(), NOW(), '제품 A 제안 내용', '2024-12-31', '제품 A 제안서', '제안서 작성 필요', '2024-07-01', '2024-06-25', '2024-06-01', '2024-06-30', 1),
    (2, NOW(), NOW(), '제품 B 제안 내용', '2024-11-30', '제품 B 제안서', '기술 지원 필요', '2024-08-01', '2024-07-20', '2024-07-01', '2024-07-31', 2),
    (3, NOW(), NOW(), '제품 C 제안 내용', '2024-10-31', '제품 C 제안서', '추가 설명 요청', '2024-09-01', '2024-08-25', '2024-08-01', '2024-08-31', 3),
    (4, NOW(), NOW(), '제품 D 제안 내용', '2024-09-30', '제품 D 제안서', '가격 협상 필요', '2024-10-01', '2024-09-20', '2024-09-01', '2024-09-30', 4),
    (5, NOW(), NOW(), '제품 E 제안 내용', '2024-08-31', '제품 E 제안서', '배송 관련 협의 필요', '2024-11-01', '2024-10-25', '2024-10-01', '2024-10-31', 5);


INSERT INTO tb_estimate (est_no, created_at, updated_at, est_date, name, note, prod_cnt, supply_price, surtax_yn, tax, tax_cls, total_price, prop_no)
VALUES
    (1, NOW(), NOW(), '2024-06-01', '견적서 A', '제품 A에 대한 견적', 10, 10000, 'Y', 1000, '10%', 11000, 1),
    (2, NOW(), NOW(), '2024-07-10', '견적서 B', '제품 B에 대한 견적', 5, 20000, 'N', 0, '0%', 20000, 2),
    (3, NOW(), NOW(), '2024-08-15', '견적서 C', '제품 C에 대한 견적', 8, 15000, 'Y', 1500, '10%', 16500, 3),
    (4, NOW(), NOW(), '2024-09-05', '견적서 D', '제품 D에 대한 견적', 12, 12000, 'N', 0, '0%', 12000, 4),
    (5, NOW(), NOW(), '2024-10-20', '견적서 E', '제품 E에 대한 견적', 6, 25000, 'Y', 2500, '10%', 27500, 5);

INSERT INTO tb_contract (contract_no, created_at, updated_at, arrival_noti_day, arrival_noti_yn, cls, cont_date, end_date, exp_arrival_date, name, note, payment_terms, prod_cnt, renewal_noti_day, renewal_noti_yn, start_date, supply_price, surtax_yn, tax, tax_cls, price, warrenty, est_no)
VALUES
    (1, NOW(), NOW(), '10', 'Y', 'SALES', '2024-06-01', '2024-12-01', '2024-06-15', '신규 계약 체결', '계약 세부 내용 확인 필요', '선불', 5, '30', 'Y', '2024-06-01', 10000, 'Y', 1000, '10%', 11000, 12, 1),
    (2, NOW(), NOW(), '15', 'N', 'ESTIMATE', '2024-07-01', '2024-12-31', '2024-07-15', '견적 계약 체결', '견적 관련 확인 필요', '후불', 3, '60', 'N', '2024-07-01', 15000, 'N', 0, '0%', 15000, 6, 2),
    (3, NOW(), NOW(), '5', 'Y', 'PROPOSAL', '2024-08-01', '2025-02-28', '2024-08-15', '제안 계약 체결', '제안 세부 사항 검토 중', '선불', 10, '20', 'Y', '2024-08-01', 20000, 'Y', 2000, '10%', 22000, 24, 3),
    (4, NOW(), NOW(), '20', 'N', 'CONTRACT', '2024-09-01', '2025-03-31', '2024-09-15', '계약 연장', '계약 연장 필요 사항 확인', '후불', 8, '90', 'N', '2024-09-01', 18000, 'N', 0, '0%', 18000, 12, 4),
    (5, NOW(), NOW(), '7', 'Y', 'SALES', '2024-10-01', '2025-04-30', '2024-10-20', '영업 계약 체결', '영업 전략 검토 완료', '선불', 12, '14', 'Y', '2024-10-01', 25000, 'Y', 2500, '10%', 27500, 18, 5);

INSERT INTO tb_product (prod_no, created_at, updated_at, abbr_name, dept, eng_name, field, name, price, prod_code, quantity, release_date, supply_price, tax_rate, unit, upp_group)
VALUES
    (1, NOW(), NOW(), 'PRD001', '영업부', 'Product A', '전자기기', '제품 A', 50000, 'P001', 100, '2024-05-01', 45000, 10, '개', '전자'),
    (2, NOW(), NOW(), 'PRD002', '개발부', 'Product B', '소프트웨어', '제품 B', 30000, 'P002', 50, '2024-06-01', 27000, 8, '카피', '소프트웨어'),
    (3, NOW(), NOW(), 'PRD003', '기획부', 'Product C', '소모품', '제품 C', 10000, 'P003', 200, '2024-07-01', 9000, 5, '박스', '소모품'),
    (4, NOW(), NOW(), 'PRD004', '총무부', 'Product D', '사무용품', '제품 D', 15000, 'P004', 150, '2024-08-01', 14000, 7, '개', '사무용품'),
    (5, NOW(), NOW(), 'PRD005', '인사부', 'Product E', '의류', '제품 E', 20000, 'P005', 120, '2024-09-01', 18000, 6, '벌', '의류');

INSERT INTO tb_est_prod (est_prod_no, created_at, updated_at, discount, qty, supply_price, tax, total_amt, unit_amt, unit_prop_amt, est_no, prod_no)
VALUES
    (1, NOW(), NOW(), 5, 10, 1000, 100, 11000, 1000, 900, 1, 1),
    (2, NOW(), NOW(), 10, 5, 2000, 200, 11000, 2000, 1800, 2, 2),
    (3, NOW(), NOW(), 15, 8, 1500, 150, 13200, 1500, 1350, 3, 3),
    (4, NOW(), NOW(), 7, 12, 1200, 120, 14400, 1200, 1100, 4, 4),
    (5, NOW(), NOW(), 20, 6, 2500, 250, 16500, 2500, 2200, 5, 5);


INSERT INTO tb_sales (created_at, updated_at, busi_type, busi_type_detail, exp_arrival_date, note, price, prod_cnt, sales_cls, sales_date, supply_price, surtax_yn, tax, tax_cls, contract_no)
VALUES
    ( NOW(), NOW(), '도매', '대량 주문', '2011-10-25', '정기 배송 필요', 977199, 11, 'SALES', '2011-10-09', 879479.1, 'Y', 97719.90000000001, '10%', 1),
    ( NOW(), NOW(), '도매', '소량 주문', '2014-09-10', '고객 요청 사항 반영', 903217, 25, 'SALES', '2014-08-26', 812895.3, 'N', 0, '0%', 5),
    ( NOW(), NOW(), '도매', '대량 주문', '2013-06-06', '정기 배송 필요', 625873, 17, 'SALES', '2013-05-24', 563285.7, 'N', 0, '0%', 1),
    ( NOW(), NOW(), '소매', '소량 주문', '2015-12-19', '배송 일정 조율 필요', 730862, 43, 'SALES', '2015-12-13', 657775.8, 'Y', 73086.2, '10%', 2),
    ( NOW(), NOW(), '소매', '일반 판매', '2017-04-17', '배송 일정 조율 필요', 654159, 12, 'SALES', '2017-04-02', 588743.1, 'Y', 65415.9, '10%', 1),
    ( NOW(), NOW(), '소매', '소량 주문', '2010-05-18', '특별 가격 협상 완료', 671344, 44, 'SALES', '2010-05-13', 604209.6, 'N', 0, '0%', 1),
    ( NOW(), NOW(), '소매', '정기 주문', '2020-02-08', '배송 일정 조율 필요', 920697, 27, 'SALES', '2020-01-14', 828627.3, 'N', 0, '0%', 1),
    ( NOW(), NOW(), '소매', '일반 판매', '2017-03-14', '특별 가격 협상 완료', 826575, 45, 'SALES', '2017-02-27', 743917.5, 'Y', 82657.5, '10%', 1),
    ( NOW(), NOW(), '도매', '일반 판매', '2011-06-21', '특별 가격 협상 완료', 570319, 20, 'SALES', '2011-05-25', 513287.1, 'N', 0, '0%', 5),
    ( NOW(), NOW(), '도매', '소량 주문', '2016-12-17', '고객 피드백 반영 필요', 997495, 31, 'SALES', '2016-11-25', 897745.5, 'Y', 99749.5, '10%', 3),
    ( NOW(), NOW(), '소매', '대량 주문', '2017-08-03', '정기 배송 필요', 825121, 9, 'SALES', '2017-07-07', 742608.9, 'N', 0, '0%', 4),
    ( NOW(), NOW(), '도매', '대량 주문', '2018-11-15', '고객 요청 사항 반영', 550612, 34, 'SALES', '2018-11-08', 495550.8, 'Y', 55061.200000000004, '10%', 4),
    ( NOW(), NOW(), '소매', '대량 주문', '2011-10-05', '정기 배송 필요', 688149, 10, 'SALES', '2011-09-28', 619334.1, 'Y', 68814.90000000001, '10%', 3),
    ( NOW(), NOW(), '도매', '정기 주문', '2012-04-27', '배송 일정 조율 필요', 611038, 32, 'SALES', '2012-04-21', 549934.2, 'Y', 61103.8, '10%', 1),
    ( NOW(), NOW(), '소매', '일반 판매', '2023-10-14', '배송 일정 조율 필요', 745026, 50, 'SALES', '2023-10-08', 670523.4, 'N', 0, '0%', 2),
    ( NOW(), NOW(), '소매', '소량 주문', '2022-08-13', '정기 배송 필요', 742672, 16, 'SALES', '2022-08-03', 668404.8, 'Y', 74267.2, '10%', 4),
    ( NOW(), NOW(), '소매', '정기 주문', '2021-11-09', '정기 배송 필요', 501996, 24, 'SALES', '2021-10-25', 451796.4, 'Y', 50199.600000000006, '10%', 4),
    ( NOW(), NOW(), '도매', '대량 주문', '2011-10-12', '고객 요청 사항 반영', 574350, 10, 'SALES', '2011-10-02', 516915.0, 'N', 0, '0%', 3),
    ( NOW(), NOW(), '도매', '정기 주문', '2018-04-26', '배송 일정 조율 필요', 936687, 37, 'SALES', '2018-04-19', 843018.3, 'Y', 93668.70000000001, '10%', 1),
    ( NOW(), NOW(), '소매', '대량 주문', '2019-11-25', '고객 피드백 반영 필요', 878413, 36, 'SALES', '2019-11-03', 790571.7, 'Y', 87841.3, '10%', 4),
    ( NOW(), NOW(), '도매', '일반 판매', '2010-07-01', '배송 일정 조율 필요', 596879, 33, 'SALES', '2010-06-10', 537191.1, 'Y', 59687.9, '10%', 2),
    ( NOW(), NOW(), '소매', '정기 주문', '2021-04-17', '고객 요청 사항 반영', 962670, 39, 'SALES', '2021-04-08', 866403.0, 'Y', 96267.0, '10%', 5),
    ( NOW(), NOW(), '소매', '소량 주문', '2013-03-02', '고객 피드백 반영 필요', 894394, 18, 'SALES', '2013-02-14', 804954.6, 'Y', 89439.40000000001, '10%', 3),
    ( NOW(), NOW(), '도매', '대량 주문', '2013-08-09', '정기 배송 필요', 780868, 7, 'SALES', '2013-07-11', 702781.2, 'N', 0, '0%', 1),
    ( NOW(), NOW(), '소매', '대량 주문', '2023-05-24', '고객 요청 사항 반영', 970005, 43, 'SALES', '2023-05-17', 873004.5, 'Y', 97000.5, '10%', 5),
    ( NOW(), NOW(), '소매', '소량 주문', '2017-11-10', '배송 일정 조율 필요', 540208, 44, 'SALES', '2017-10-13', 486187.2, 'Y', 54020.8, '10%', 3),
    ( NOW(), NOW(), '소매', '소량 주문', '2023-02-02', '특별 가격 협상 완료', 765943, 30, 'SALES', '2023-01-06', 689348.7, 'N', 0, '0%', 2),
    ( NOW(), NOW(), '소매', '정기 주문', '2012-02-12', '특별 가격 협상 완료', 732658, 9, 'SALES', '2012-01-15', 659392.2, 'N', 0, '0%', 3),
    ( NOW(), NOW(), '소매', '일반 판매', '2011-05-30', '고객 요청 사항 반영', 912255, 49, 'SALES', '2011-05-19', 821029.5, 'Y', 91225.5, '10%', 3),
    ( NOW(), NOW(), '도매', '정기 주문', '2012-09-08', '고객 피드백 반영 필요', 826880, 42, 'SALES', '2012-09-02', 744192.0, 'N', 0, '0%', 2),
    ( NOW(), NOW(), '도매', '정기 주문', '2024-01-06', '고객 요청 사항 반영', 997559, 37, 'SALES', '2023-12-28', 897803.1, 'Y', 99755.90000000001, '10%', 4),
    ( NOW(), NOW(), '소매', '소량 주문', '2019-11-09', '정기 배송 필요', 543656, 23, 'SALES', '2019-10-24', 489290.4, 'Y', 54365.600000000006, '10%', 5),
    ( NOW(), NOW(), '도매', '일반 판매', '2019-03-04', '고객 피드백 반영 필요', 535088, 46, 'SALES', '2019-02-15', 481579.2, 'Y', 53508.8, '10%', 1),
    ( NOW(), NOW(), '도매', '소량 주문', '2017-02-27', '배송 일정 조율 필요', 680169, 19, 'SALES', '2017-02-09', 612152.1, 'N', 0, '0%', 1),
    ( NOW(), NOW(), '소매', '대량 주문', '2014-10-20', '정기 배송 필요', 725448, 38, 'SALES', '2014-10-06', 652903.2, 'N', 0, '0%', 2),
    ( NOW(), NOW(), '도매', '일반 판매', '2022-06-19', '고객 요청 사항 반영', 589009, 39, 'SALES', '2022-06-05', 530108.1, 'N', 0, '0%', 1),
    ( NOW(), NOW(), '도매', '정기 주문', '2019-01-08', '고객 요청 사항 반영', 803102, 6, 'SALES', '2018-12-11', 722791.8, 'N', 0, '0%', 4),
    ( NOW(), NOW(), '도매', '대량 주문', '2010-04-15', '정기 배송 필요', 791476, 27, 'SALES', '2010-03-17', 712328.4, 'Y', 79147.6, '10%', 5),
    ( NOW(), NOW(), '소매', '대량 주문', '2014-02-01', '고객 요청 사항 반영', 960808, 37, 'SALES', '2014-01-03', 864727.2, 'Y', 96080.8, '10%', 2),
    ( NOW(), NOW(), '소매', '일반 판매', '2015-07-19', '배송 일정 조율 필요', 623030, 12, 'SALES', '2015-06-23', 560727.0, 'N', 0, '0%', 2),
    ( NOW(), NOW(), '소매', '소량 주문', '2012-08-19', '정기 배송 필요', 724097, 24, 'SALES', '2012-08-10', 651687.3, 'Y', 72409.7, '10%', 5),
    ( NOW(), NOW(), '소매', '대량 주문', '2016-11-05', '배송 일정 조율 필요', 789706, 48, 'SALES', '2016-10-25', 710735.4, 'N', 0, '0%', 4),
    ( NOW(), NOW(), '소매', '대량 주문', '2012-02-04', '고객 요청 사항 반영', 802040, 11, 'SALES', '2012-01-17', 721836.0, 'Y', 80204.0, '10%', 3),
    ( NOW(), NOW(), '소매', '소량 주문', '2022-10-09', '고객 요청 사항 반영', 517683, 30, 'SALES', '2022-09-21', 465914.7, 'Y', 51768.3, '10%', 5),
    ( NOW(), NOW(), '소매', '소량 주문', '2020-11-11', '정기 배송 필요', 710465, 6, 'SALES', '2020-11-01', 639418.5, 'Y', 71046.5, '10%', 1),
    ( NOW(), NOW(), '도매', '소량 주문', '2018-09-09', '정기 배송 필요', 923460, 35, 'SALES', '2018-08-28', 831114.0, 'N', 0, '0%', 5),
    ( NOW(), NOW(), '소매', '정기 주문', '2011-10-12', '배송 일정 조율 필요', 788685, 9, 'SALES', '2011-10-03', 709816.5, 'Y', 78868.5, '10%', 4),
    ( NOW(), NOW(), '소매', '일반 판매', '2020-02-15', '고객 피드백 반영 필요', 779834, 48, 'SALES', '2020-02-02', 701850.6, 'N', 0, '0%', 1),
    ( NOW(), NOW(), '도매', '소량 주문', '2012-01-02', '특별 가격 협상 완료', 818202, 7, 'SALES', '2011-12-19', 736381.8, 'N', 0, '0%', 3),
    ( NOW(), NOW(), '소매', '소량 주문', '2013-07-10', '고객 피드백 반영 필요', 789158, 28, 'SALES', '2013-06-24', 710242.2, 'Y', 78915.8, '10%', 2),
    ( NOW(), NOW(), '소매', '일반 판매', '2023-11-21', '배송 일정 조율 필요', 648443, 26, 'SALES', '2023-11-11', 583598.7, 'Y', 64844.3, '10%', 5),
    ( NOW(), NOW(), '도매', '소량 주문', '2017-07-12', '배송 일정 조율 필요', 955825, 17, 'SALES', '2017-06-24', 860242.5, 'N', 0, '0%', 4),
    ( NOW(), NOW(), '도매', '대량 주문', '2012-06-06', '고객 요청 사항 반영', 781606, 30, 'SALES', '2012-05-23', 703445.4, 'Y', 78160.6, '10%', 2),
    ( NOW(), NOW(), '도매', '대량 주문', '2014-03-13', '고객 요청 사항 반영', 837393, 32, 'SALES', '2014-02-22', 753653.7, 'Y', 83739.3, '10%', 4),
    ( NOW(), NOW(), '도매', '소량 주문', '2015-05-12', '정기 배송 필요', 866899, 20, 'SALES', '2015-04-27', 780209.1, 'Y', 86689.90000000001, '10%', 4),
    ( NOW(), NOW(), '소매', '대량 주문', '2018-04-19', '정기 배송 필요', 628062, 14, 'SALES', '2018-04-13', 565255.8, 'N', 0, '0%', 4),
    ( NOW(), NOW(), '소매', '정기 주문', '2014-03-16', '정기 배송 필요', 871965, 24, 'SALES', '2014-02-23', 784768.5, 'Y', 87196.5, '10%', 4),
    ( NOW(), NOW(), '도매', '정기 주문', '2011-03-05', '고객 요청 사항 반영', 705824, 22, 'SALES', '2011-02-28', 635241.6, 'Y', 70582.40000000001, '10%', 1),
    ( NOW(), NOW(), '도매', '정기 주문', '2018-09-08', '정기 배송 필요', 866456, 29, 'SALES', '2018-08-13', 779810.4, 'Y', 86645.6, '10%', 2),
    ( NOW(), NOW(), '소매', '대량 주문', '2019-11-14', '특별 가격 협상 완료', 547231, 39, 'SALES', '2019-10-25', 492507.9, 'Y', 54723.100000000006, '10%', 5),
    ( NOW(), NOW(), '도매', '일반 판매', '2012-03-26', '고객 요청 사항 반영', 965049, 35, 'SALES', '2012-03-12', 868544.1, 'N', 0, '0%', 5),
    ( NOW(), NOW(), '도매', '대량 주문', '2016-06-20', '배송 일정 조율 필요', 566882, 30, 'SALES', '2016-06-13', 510193.8, 'N', 0, '0%', 5),
    ( NOW(), NOW(), '도매', '일반 판매', '2019-03-06', '정기 배송 필요', 926196, 41, 'SALES', '2019-02-05', 833576.4, 'N', 0, '0%', 5),
    ( NOW(), NOW(), '도매', '대량 주문', '2010-07-29', '배송 일정 조율 필요', 738172, 28, 'SALES', '2010-07-15', 664354.8, 'Y', 73817.2, '10%', 3),
    ( NOW(), NOW(), '소매', '일반 판매', '2019-02-28', '특별 가격 협상 완료', 995497, 26, 'SALES', '2019-02-22', 895947.3, 'Y', 99549.70000000001, '10%', 5),
    ( NOW(), NOW(), '소매', '정기 주문', '2020-05-11', '고객 요청 사항 반영', 529615, 5, 'SALES', '2020-04-26', 476653.5, 'N', 0, '0%', 3),
    ( NOW(), NOW(), '소매', '정기 주문', '2010-08-30', '정기 배송 필요', 792523, 1, 'SALES', '2010-08-01', 713270.7, 'Y', 79252.3, '10%', 2),
    ( NOW(), NOW(), '소매', '정기 주문', '2022-05-06', '특별 가격 협상 완료', 820025, 4, 'SALES', '2022-04-10', 738022.5, 'N', 0, '0%', 4),
    ( NOW(), NOW(), '소매', '정기 주문', '2014-08-29', '특별 가격 협상 완료', 521793, 46, 'SALES', '2014-08-03', 469613.7, 'Y', 52179.3, '10%', 1),
    ( NOW(), NOW(), '소매', '대량 주문', '2014-08-11', '고객 피드백 반영 필요', 869296, 50, 'SALES', '2014-07-20', 782366.4, 'Y', 86929.6, '10%', 4),
    ( NOW(), NOW(), '도매', '정기 주문', '2016-01-10', '배송 일정 조율 필요', 866109, 11, 'SALES', '2016-01-03', 779498.1, 'N', 0, '0%', 3),
    ( NOW(), NOW(), '도매', '소량 주문', '2015-09-03', '배송 일정 조율 필요', 714281, 47, 'SALES', '2015-08-15', 642852.9, 'Y', 71428.1, '10%', 4),
    ( NOW(), NOW(), '소매', '일반 판매', '2023-05-09', '고객 요청 사항 반영', 792141, 35, 'SALES', '2023-04-18', 712926.9, 'N', 0, '0%', 3),
    ( NOW(), NOW(), '소매', '정기 주문', '2014-11-23', '정기 배송 필요', 519526, 49, 'SALES', '2014-11-12', 467573.4, 'N', 0, '0%', 2),
    ( NOW(), NOW(), '도매', '정기 주문', '2022-05-01', '고객 요청 사항 반영', 869915, 4, 'SALES', '2022-04-17', 782923.5, 'Y', 86991.5, '10%', 1),
    ( NOW(), NOW(), '소매', '대량 주문', '2015-01-15', '특별 가격 협상 완료', 758145, 23, 'SALES', '2015-01-09', 682330.5, 'N', 0, '0%', 3),
    ( NOW(), NOW(), '소매', '소량 주문', '2013-04-19', '배송 일정 조율 필요', 596641, 1, 'SALES', '2013-04-07', 536976.9, 'Y', 59664.100000000006, '10%', 2),
    ( NOW(), NOW(), '소매', '대량 주문', '2013-12-24', '정기 배송 필요', 652433, 39, 'SALES', '2013-12-02', 587189.7, 'N', 0, '0%', 4),
    ( NOW(), NOW(), '도매', '정기 주문', '2021-11-08', '특별 가격 협상 완료', 776789, 6, 'SALES', '2021-10-10', 699110.1, 'N', 0, '0%', 3),
    ( NOW(), NOW(), '도매', '정기 주문', '2013-07-10', '고객 피드백 반영 필요', 940906, 13, 'SALES', '2013-06-23', 846815.4, 'Y', 94090.6, '10%', 4),
    ( NOW(), NOW(), '도매', '소량 주문', '2016-06-20', '특별 가격 협상 완료', 739728, 34, 'SALES', '2016-05-22', 665755.2, 'Y', 73972.8, '10%', 2),
    ( NOW(), NOW(), '소매', '일반 판매', '2010-03-04', '고객 피드백 반영 필요', 613862, 50, 'SALES', '2010-02-15', 552475.8, 'N', 0, '0%', 3),
    ( NOW(), NOW(), '도매', '일반 판매', '2014-04-24', '정기 배송 필요', 609641, 16, 'SALES', '2014-04-09', 548676.9, 'N', 0, '0%', 4),
    ( NOW(), NOW(), '도매', '소량 주문', '2020-02-11', '배송 일정 조율 필요', 761872, 42, 'SALES', '2020-02-04', 685684.8, 'N', 0, '0%', 2),
    ( NOW(), NOW(), '소매', '일반 판매', '2016-09-02', '배송 일정 조율 필요', 887993, 21, 'SALES', '2016-08-28', 799193.7, 'N', 0, '0%', 3),
    ( NOW(), NOW(), '소매', '일반 판매', '2016-04-15', '배송 일정 조율 필요', 617492, 28, 'SALES', '2016-03-21', 555742.8, 'Y', 61749.200000000004, '10%', 3),
    ( NOW(), NOW(), '소매', '대량 주문', '2019-12-27', '배송 일정 조율 필요', 894971, 13, 'SALES', '2019-11-28', 805473.9, 'N', 0, '0%', 4),
    ( NOW(), NOW(), '도매', '대량 주문', '2011-02-21', '고객 요청 사항 반영', 790509, 4, 'SALES', '2011-01-27', 711458.1, 'N', 0, '0%', 4),
    ( NOW(), NOW(), '소매', '정기 주문', '2017-04-11', '고객 피드백 반영 필요', 900494, 7, 'SALES', '2017-03-12', 810444.6, 'Y', 90049.40000000001, '10%', 1),
    ( NOW(), NOW(), '도매', '대량 주문', '2016-06-07', '고객 요청 사항 반영', 769338, 45, 'SALES', '2016-06-02', 692404.2, 'N', 0, '0%', 4),
    ( NOW(), NOW(), '도매', '일반 판매', '2013-04-30', '특별 가격 협상 완료', 808225, 44, 'SALES', '2013-04-11', 727402.5, 'Y', 80822.5, '10%', 1),
    ( NOW(), NOW(), '소매', '정기 주문', '2023-05-31', '고객 요청 사항 반영', 904671, 50, 'SALES', '2023-05-16', 814203.9, 'Y', 90467.1, '10%', 3),
    ( NOW(), NOW(), '소매', '소량 주문', '2021-01-22', '특별 가격 협상 완료', 988908, 12, 'SALES', '2021-01-05', 890017.2, 'Y', 98890.8, '10%', 1),
    ( NOW(), NOW(), '도매', '소량 주문', '2013-01-10', '고객 요청 사항 반영', 543074, 30, 'SALES', '2012-12-19', 488766.6, 'Y', 54307.4, '10%', 4),
    ( NOW(), NOW(), '도매', '일반 판매', '2020-04-09', '특별 가격 협상 완료', 633459, 23, 'SALES', '2020-03-15', 570113.1, 'Y', 63345.9, '10%', 5),
    ( NOW(), NOW(), '소매', '정기 주문', '2014-07-22', '특별 가격 협상 완료', 856583, 40, 'SALES', '2014-07-06', 770924.7, 'Y', 85658.3, '10%', 1),
    ( NOW(), NOW(), '도매', '소량 주문', '2019-01-01', '고객 요청 사항 반영', 710949, 7, 'SALES', '2018-12-16', 639854.1, 'N', 0, '0%', 2),
    ( NOW(), NOW(), '소매', '일반 판매', '2015-11-16', '정기 배송 필요', 936716, 22, 'SALES', '2015-10-22', 843044.4, 'N', 0, '0%', 1),
    ( NOW(), NOW(), '소매', '소량 주문', '2017-07-10', '특별 가격 협상 완료', 566571, 31, 'SALES', '2017-06-27', 509913.9, 'Y', 56657.100000000006, '10%', 4),
    ( NOW(), NOW(), '도매', '일반 판매', '2015-01-29', '고객 피드백 반영 필요', 771524, 37, 'SALES', '2015-01-24', 694371.6, 'N', 0, '0%', 2),
    ( NOW(), NOW(), '소매', '소량 주문', '2019-05-13', '배송 일정 조율 필요', 851985, 42, 'SALES', '2019-04-26', 766786.5, 'Y', 85198.5, '10%', 1),
    ( NOW(), NOW(), '도매', '소량 주문', '2023-06-28', '고객 피드백 반영 필요', 630279, 47, 'SALES', '2023-06-01', 567251.1, 'N', 0, '0%', 3),
    ( NOW(), NOW(), '소매', '대량 주문', '2022-07-26', '고객 요청 사항 반영', 966105, 36, 'SALES', '2022-07-04', 869494.5, 'Y', 96610.5, '10%', 5),
    ( NOW(), NOW(), '소매', '일반 판매', '2012-10-01', '정기 배송 필요', 731904, 31, 'SALES', '2012-09-08', 658713.6, 'Y', 73190.40000000001, '10%', 1),
    ( NOW(), NOW(), '도매', '대량 주문', '2018-04-30', '고객 요청 사항 반영', 989043, 20, 'SALES', '2018-04-14', 890138.7, 'N', 0, '0%', 1),
    ( NOW(), NOW(), '도매', '정기 주문', '2019-03-16', '정기 배송 필요', 693041, 13, 'SALES', '2019-02-24', 623736.9, 'Y', 69304.1, '10%', 3),
    ( NOW(), NOW(), '소매', '소량 주문', '2016-05-26', '고객 피드백 반영 필요', 761619, 13, 'SALES', '2016-05-10', 685457.1, 'Y', 76161.90000000001, '10%', 5),
    ( NOW(), NOW(), '소매', '대량 주문', '2014-09-01', '고객 요청 사항 반영', 605446, 35, 'SALES', '2014-08-10', 544901.4, 'N', 0, '0%', 4),
    ( NOW(), NOW(), '도매', '정기 주문', '2012-03-20', '고객 요청 사항 반영', 906862, 20, 'SALES', '2012-03-08', 816175.8, 'Y', 90686.20000000001, '10%', 5),
    ( NOW(), NOW(), '소매', '대량 주문', '2010-07-25', '고객 피드백 반영 필요', 655666, 2, 'SALES', '2010-07-20', 590099.4, 'Y', 65566.6, '10%', 2),
    ( NOW(), NOW(), '소매', '일반 판매', '2012-09-20', '배송 일정 조율 필요', 985264, 10, 'SALES', '2012-08-25', 886737.6, 'Y', 98526.40000000001, '10%', 4),
    ( NOW(), NOW(), '도매', '대량 주문', '2010-04-02', '정기 배송 필요', 651019, 18, 'SALES', '2010-03-08', 585917.1, 'N', 0, '0%', 3),
    ( NOW(), NOW(), '도매', '정기 주문', '2013-03-17', '정기 배송 필요', 691106, 21, 'SALES', '2013-02-25', 621995.4, 'N', 0, '0%', 3),
    ( NOW(), NOW(), '도매', '일반 판매', '2011-04-06', '배송 일정 조율 필요', 897701, 12, 'SALES', '2011-03-15', 807930.9, 'N', 0, '0%', 1),
    ( NOW(), NOW(), '소매', '일반 판매', '2018-08-03', '배송 일정 조율 필요', 879573, 47, 'SALES', '2018-07-24', 791615.7, 'N', 0, '0%', 3),
    ( NOW(), NOW(), '소매', '일반 판매', '2019-12-22', '배송 일정 조율 필요', 849184, 5, 'SALES', '2019-12-05', 764265.6, 'Y', 84918.40000000001, '10%', 4),
    ( NOW(), NOW(), '소매', '정기 주문', '2016-03-08', '특별 가격 협상 완료', 620847, 3, 'SALES', '2016-02-07', 558762.3, 'Y', 62084.700000000004, '10%', 1),
    ( NOW(), NOW(), '도매', '대량 주문', '2020-01-20', '배송 일정 조율 필요', 606190, 34, 'SALES', '2019-12-22', 545571.0, 'Y', 60619.0, '10%', 1),
    ( NOW(), NOW(), '소매', '소량 주문', '2021-07-01', '배송 일정 조율 필요', 570498, 7, 'SALES', '2021-06-10', 513448.2, 'Y', 57049.8, '10%', 5),
    ( NOW(), NOW(), '도매', '대량 주문', '2018-08-16', '배송 일정 조율 필요', 914777, 29, 'SALES', '2018-07-25', 823299.3, 'Y', 91477.70000000001, '10%', 2),
    ( NOW(), NOW(), '도매', '일반 판매', '2013-08-20', '정기 배송 필요', 554547, 6, 'SALES', '2013-07-24', 499092.3, 'Y', 55454.700000000004, '10%', 3),
    ( NOW(), NOW(), '도매', '소량 주문', '2016-02-14', '고객 요청 사항 반영', 542723, 8, 'SALES', '2016-01-22', 488450.7, 'N', 0, '0%', 4),
    ( NOW(), NOW(), '소매', '소량 주문', '2012-02-07', '특별 가격 협상 완료', 937463, 9, 'SALES', '2012-01-18', 843716.7, 'Y', 93746.3, '10%', 4),
    ( NOW(), NOW(), '도매', '대량 주문', '2018-12-24', '배송 일정 조율 필요', 512099, 39, 'SALES', '2018-12-11', 460889.1, 'Y', 51209.9, '10%', 5),
    ( NOW(), NOW(), '소매', '대량 주문', '2020-05-21', '정기 배송 필요', 767747, 49, 'SALES', '2020-04-22', 690972.3, 'Y', 76774.7, '10%', 1),
    ( NOW(), NOW(), '도매', '정기 주문', '2017-03-05', '배송 일정 조율 필요', 733229, 40, 'SALES', '2017-02-27', 659906.1, 'N', 0, '0%', 5),
    ( NOW(), NOW(), '소매', '일반 판매', '2012-07-16', '고객 요청 사항 반영', 631063, 28, 'SALES', '2012-06-16', 567956.7, 'Y', 63106.3, '10%', 1),
    ( NOW(), NOW(), '소매', '소량 주문', '2015-02-20', '배송 일정 조율 필요', 508891, 16, 'SALES', '2015-02-11', 458001.9, 'Y', 50889.100000000006, '10%', 3),
    ( NOW(), NOW(), '소매', '소량 주문', '2010-02-24', '고객 요청 사항 반영', 823916, 14, 'SALES', '2010-01-25', 741524.4, 'Y', 82391.6, '10%', 4),
    ( NOW(), NOW(), '소매', '대량 주문', '2016-02-05', '배송 일정 조율 필요', 834719, 18, 'SALES', '2016-01-07', 751247.1, 'Y', 83471.90000000001, '10%', 2),
    ( NOW(), NOW(), '도매', '정기 주문', '2016-04-17', '배송 일정 조율 필요', 847170, 6, 'SALES', '2016-04-10', 762453.0, 'N', 0, '0%', 2),
    ( NOW(), NOW(), '소매', '대량 주문', '2014-10-20', '특별 가격 협상 완료', 755803, 1, 'SALES', '2014-10-08', 680222.7, 'N', 0, '0%', 3),
    ( NOW(), NOW(), '소매', '대량 주문', '2015-07-07', '고객 요청 사항 반영', 663573, 19, 'SALES', '2015-06-15', 597215.7, 'Y', 66357.3, '10%', 5),
    ( NOW(), NOW(), '소매', '대량 주문', '2010-02-20', '배송 일정 조율 필요', 514311, 4, 'SALES', '2010-02-07', 462879.9, 'N', 0, '0%', 2),
    ( NOW(), NOW(), '도매', '대량 주문', '2020-08-24', '특별 가격 협상 완료', 974822, 28, 'SALES', '2020-08-04', 877339.8, 'N', 0, '0%', 2),
    ( NOW(), NOW(), '도매', '일반 판매', '2010-08-06', '특별 가격 협상 완료', 560949, 32, 'SALES', '2010-07-12', 504854.1, 'Y', 56094.9, '10%', 3),
    ( NOW(), NOW(), '소매', '정기 주문', '2011-07-09', '고객 요청 사항 반영', 706298, 37, 'SALES', '2011-07-02', 635668.2, 'Y', 70629.8, '10%', 4),
    ( NOW(), NOW(), '소매', '일반 판매', '2022-12-27', '특별 가격 협상 완료', 541202, 14, 'SALES', '2022-11-27', 487081.8, 'N', 0, '0%', 4),
    ( NOW(), NOW(), '소매', '일반 판매', '2016-09-09', '배송 일정 조율 필요', 847260, 13, 'SALES', '2016-08-28', 762534.0, 'N', 0, '0%', 5),
    ( NOW(), NOW(), '도매', '소량 주문', '2019-02-22', '고객 피드백 반영 필요', 871698, 50, 'SALES', '2019-02-07', 784528.2, 'N', 0, '0%', 2),
    ( NOW(), NOW(), '소매', '대량 주문', '2017-10-22', '배송 일정 조율 필요', 750201, 39, 'SALES', '2017-09-23', 675180.9, 'Y', 75020.1, '10%', 1),
    ( NOW(), NOW(), '도매', '소량 주문', '2012-09-18', '정기 배송 필요', 712758, 26, 'SALES', '2012-09-07', 641482.2, 'Y', 71275.8, '10%', 4),
    ( NOW(), NOW(), '도매', '정기 주문', '2023-08-03', '고객 요청 사항 반영', 523327, 13, 'SALES', '2023-07-26', 470994.3, 'N', 0, '0%', 4),
    ( NOW(), NOW(), '도매', '대량 주문', '2022-11-30', '배송 일정 조율 필요', 758150, 36, 'SALES', '2022-11-13', 682335.0, 'N', 0, '0%', 5),
    ( NOW(), NOW(), '소매', '대량 주문', '2023-07-17', '정기 배송 필요', 874941, 7, 'SALES', '2023-06-20', 787446.9, 'Y', 87494.1, '10%', 5),
    ( NOW(), NOW(), '도매', '정기 주문', '2019-07-02', '고객 피드백 반영 필요', 912430, 18, 'SALES', '2019-06-12', 821187.0, 'Y', 91243.0, '10%', 4),
    ( NOW(), NOW(), '소매', '대량 주문', '2021-12-12', '배송 일정 조율 필요', 802992, 2, 'SALES', '2021-11-25', 722692.8, 'N', 0, '0%', 5),
    ( NOW(), NOW(), '도매', '소량 주문', '2017-10-08', '정기 배송 필요', 528665, 14, 'SALES', '2017-09-14', 475798.5, 'N', 0, '0%', 1),
    ( NOW(), NOW(), '소매', '정기 주문', '2022-10-25', '정기 배송 필요', 895223, 37, 'SALES', '2022-10-19', 805700.7, 'Y', 89522.3, '10%', 5),
    ( NOW(), NOW(), '소매', '대량 주문', '2017-07-19', '정기 배송 필요', 523247, 9, 'SALES', '2017-06-23', 470922.3, 'Y', 52324.700000000004, '10%', 5),
    ( NOW(), NOW(), '소매', '정기 주문', '2021-09-02', '정기 배송 필요', 906915, 16, 'SALES', '2021-08-13', 816223.5, 'Y', 90691.5, '10%', 3),
    ( NOW(), NOW(), '소매', '소량 주문', '2022-05-27', '고객 피드백 반영 필요', 899234, 43, 'SALES', '2022-05-19', 809310.6, 'N', 0, '0%', 1),
    ( NOW(), NOW(), '도매', '대량 주문', '2014-11-24', '배송 일정 조율 필요', 593928, 28, 'SALES', '2014-11-08', 534535.2, 'Y', 59392.8, '10%', 4),
    ( NOW(), NOW(), '도매', '대량 주문', '2013-06-20', '배송 일정 조율 필요', 731104, 26, 'SALES', '2013-06-01', 657993.6, 'Y', 73110.40000000001, '10%', 5),
    ( NOW(), NOW(), '소매', '대량 주문', '2018-07-10', '특별 가격 협상 완료', 544291, 37, 'SALES', '2018-07-01', 489861.9, 'Y', 54429.100000000006, '10%', 3),
    ( NOW(), NOW(), '소매', '대량 주문', '2024-01-02', '정기 배송 필요', 663787, 47, 'SALES', '2023-12-22', 597408.3, 'Y', 66378.7, '10%', 5),
    ( NOW(), NOW(), '도매', '대량 주문', '2010-02-04', '고객 요청 사항 반영', 827165, 39, 'SALES', '2010-01-21', 744448.5, 'N', 0, '0%', 1),
    ( NOW(), NOW(), '소매', '일반 판매', '2011-11-07', '배송 일정 조율 필요', 847682, 25, 'SALES', '2011-11-01', 762913.8, 'N', 0, '0%', 3),
    ( NOW(), NOW(), '소매', '일반 판매', '2017-10-31', '고객 요청 사항 반영', 697572, 29, 'SALES', '2017-10-05', 627814.8, 'N', 0, '0%', 2),
    ( NOW(), NOW(), '소매', '정기 주문', '2012-06-13', '고객 요청 사항 반영', 555896, 28, 'SALES', '2012-05-19', 500306.4, 'N', 0, '0%', 1),
    ( NOW(), NOW(), '도매', '일반 판매', '2010-12-13', '특별 가격 협상 완료', 592950, 48, 'SALES', '2010-11-24', 533655.0, 'N', 0, '0%', 5),
    ( NOW(), NOW(), '소매', '대량 주문', '2023-05-05', '특별 가격 협상 완료', 988428, 27, 'SALES', '2023-04-09', 889585.2, 'N', 0, '0%', 4),
    ( NOW(), NOW(), '도매', '대량 주문', '2021-06-12', '정기 배송 필요', 642183, 3, 'SALES', '2021-05-25', 577964.7, 'N', 0, '0%', 5),
    ( NOW(), NOW(), '도매', '일반 판매', '2023-11-11', '고객 요청 사항 반영', 694320, 9, 'SALES', '2023-10-27', 624888.0, 'N', 0, '0%', 2),
    ( NOW(), NOW(), '소매', '정기 주문', '2016-07-21', '특별 가격 협상 완료', 873573, 44, 'SALES', '2016-07-15', 786215.7, 'Y', 87357.3, '10%', 5),
    ( NOW(), NOW(), '소매', '정기 주문', '2019-06-04', '정기 배송 필요', 764572, 15, 'SALES', '2019-05-19', 688114.8, 'Y', 76457.2, '10%', 5),
    ( NOW(), NOW(), '소매', '정기 주문', '2019-02-14', '정기 배송 필요', 767133, 5, 'SALES', '2019-01-21', 690419.7, 'Y', 76713.3, '10%', 4),
    ( NOW(), NOW(), '도매', '소량 주문', '2016-08-17', '배송 일정 조율 필요', 930446, 20, 'SALES', '2016-07-22', 837401.4, 'N', 0, '0%', 3),
    ( NOW(), NOW(), '소매', '소량 주문', '2014-07-25', '고객 요청 사항 반영', 615860, 32, 'SALES', '2014-07-18', 554274.0, 'N', 0, '0%', 5),
    ( NOW(), NOW(), '도매', '대량 주문', '2021-08-31', '배송 일정 조율 필요', 577108, 41, 'SALES', '2021-08-15', 519397.2, 'N', 0, '0%', 4),
    ( NOW(), NOW(), '소매', '소량 주문', '2022-06-03', '배송 일정 조율 필요', 595084, 45, 'SALES', '2022-05-06', 535575.6, 'N', 0, '0%', 4),
    ( NOW(), NOW(), '소매', '일반 판매', '2019-01-12', '특별 가격 협상 완료', 969702, 48, 'SALES', '2018-12-20', 872731.8, 'N', 0, '0%', 1),
    ( NOW(), NOW(), '소매', '소량 주문', '2010-04-21', '특별 가격 협상 완료', 804517, 35, 'SALES', '2010-04-02', 724065.3, 'N', 0, '0%', 3),
    ( NOW(), NOW(), '소매', '소량 주문', '2016-10-05', '고객 피드백 반영 필요', 844299, 40, 'SALES', '2016-09-09', 759869.1, 'Y', 84429.90000000001, '10%', 5),
    ( NOW(), NOW(), '소매', '일반 판매', '2021-09-28', '배송 일정 조율 필요', 665797, 18, 'SALES', '2021-09-22', 599217.3, 'Y', 66579.7, '10%', 4),
    ( NOW(), NOW(), '도매', '정기 주문', '2021-06-25', '고객 요청 사항 반영', 829487, 4, 'SALES', '2021-05-28', 746538.3, 'Y', 82948.70000000001, '10%', 4),
    ( NOW(), NOW(), '도매', '일반 판매', '2012-10-08', '배송 일정 조율 필요', 855166, 31, 'SALES', '2012-09-16', 769649.4, 'N', 0, '0%', 4),
    ( NOW(), NOW(), '도매', '일반 판매', '2016-05-13', '배송 일정 조율 필요', 763129, 15, 'SALES', '2016-05-05', 686816.1, 'N', 0, '0%', 2),
    ( NOW(), NOW(), '소매', '소량 주문', '2018-06-05', '정기 배송 필요', 851429, 14, 'SALES', '2018-05-28', 766286.1, 'N', 0, '0%', 5),
    ( NOW(), NOW(), '소매', '대량 주문', '2015-06-26', '고객 요청 사항 반영', 853467, 36, 'SALES', '2015-06-02', 768120.3, 'Y', 85346.70000000001, '10%', 3),
    ( NOW(), NOW(), '소매', '소량 주문', '2012-08-05', '특별 가격 협상 완료', 579116, 48, 'SALES', '2012-07-19', 521204.4, 'Y', 57911.600000000006, '10%', 5),
    ( NOW(), NOW(), '소매', '일반 판매', '2016-07-25', '특별 가격 협상 완료', 778398, 13, 'SALES', '2016-07-14', 700558.2, 'N', 0, '0%', 3),
    ( NOW(), NOW(), '도매', '소량 주문', '2014-07-09', '고객 요청 사항 반영', 782300, 19, 'SALES', '2014-06-15', 704070.0, 'Y', 78230.0, '10%', 3),
    ( NOW(), NOW(), '소매', '일반 판매', '2023-09-08', '정기 배송 필요', 991201, 35, 'SALES', '2023-08-17', 892080.9, 'N', 0, '0%', 4),
    ( NOW(), NOW(), '도매', '소량 주문', '2013-07-25', '고객 요청 사항 반영', 615143, 45, 'SALES', '2013-07-03', 553628.7, 'Y', 61514.3, '10%', 2),
    ( NOW(), NOW(), '도매', '소량 주문', '2020-04-12', '정기 배송 필요', 914985, 41, 'SALES', '2020-03-25', 823486.5, 'Y', 91498.5, '10%', 5),
    ( NOW(), NOW(), '도매', '대량 주문', '2015-07-20', '특별 가격 협상 완료', 699206, 23, 'SALES', '2015-06-21', 629285.4, 'N', 0, '0%', 4),
    ( NOW(), NOW(), '소매', '정기 주문', '2014-01-27', '배송 일정 조율 필요', 610477, 49, 'SALES', '2013-12-28', 549429.3, 'Y', 61047.700000000004, '10%', 1),
    ( NOW(), NOW(), '소매', '소량 주문', '2017-07-27', '배송 일정 조율 필요', 986743, 30, 'SALES', '2017-07-02', 888068.7, 'Y', 98674.3, '10%', 2),
    ( NOW(), NOW(), '소매', '일반 판매', '2016-01-10', '정기 배송 필요', 564256, 14, 'SALES', '2015-12-13', 507830.4, 'N', 0, '0%', 5),
    ( NOW(), NOW(), '도매', '일반 판매', '2019-08-01', '고객 피드백 반영 필요', 973747, 33, 'SALES', '2019-07-11', 876372.3, 'Y', 97374.70000000001, '10%', 5),
    ( NOW(), NOW(), '도매', '정기 주문', '2020-10-10', '특별 가격 협상 완료', 978413, 21, 'SALES', '2020-09-26', 880571.7, 'Y', 97841.3, '10%', 5),
    ( NOW(), NOW(), '소매', '대량 주문', '2016-12-03', '정기 배송 필요', 525329, 23, 'SALES', '2016-11-27', 472796.1, 'N', 0, '0%', 2),
    ( NOW(), NOW(), '소매', '소량 주문', '2018-05-22', '정기 배송 필요', 994337, 44, 'SALES', '2018-04-23', 894903.3, 'Y', 99433.70000000001, '10%', 5),
    ( NOW(), NOW(), '도매', '대량 주문', '2020-12-12', '정기 배송 필요', 763379, 37, 'SALES', '2020-12-05', 687041.1, 'N', 0, '0%', 3),
    ( NOW(), NOW(), '소매', '소량 주문', '2019-10-15', '고객 요청 사항 반영', 914243, 10, 'SALES', '2019-09-18', 822818.7, 'Y', 91424.3, '10%', 2),
    ( NOW(), NOW(), '소매', '대량 주문', '2018-05-25', '특별 가격 협상 완료', 681994, 27, 'SALES', '2018-05-11', 613794.6, 'Y', 68199.40000000001, '10%', 3),
    ( NOW(), NOW(), '도매', '대량 주문', '2010-02-15', '고객 요청 사항 반영', 758877, 17, 'SALES', '2010-02-10', 682989.3, 'N', 0, '0%', 2),
    ( NOW(), NOW(), '도매', '소량 주문', '2018-09-24', '고객 요청 사항 반영', 995779, 37, 'SALES', '2018-09-17', 896201.1, 'Y', 99577.90000000001, '10%', 1),
    ( NOW(), NOW(), '소매', '대량 주문', '2015-10-04', '특별 가격 협상 완료', 888047, 24, 'SALES', '2015-09-05', 799242.3, 'Y', 88804.70000000001, '10%', 4),
    ( NOW(), NOW(), '소매', '일반 판매', '2016-01-28', '특별 가격 협상 완료', 872151, 37, 'SALES', '2016-01-10', 784935.9, 'N', 0, '0%', 3),
    ( NOW(), NOW(), '도매', '정기 주문', '2018-05-16', '특별 가격 협상 완료', 506863, 26, 'SALES', '2018-05-11', 456176.7, 'Y', 50686.3, '10%', 5),
    ( NOW(), NOW(), '소매', '소량 주문', '2012-11-08', '배송 일정 조율 필요', 661233, 47, 'SALES', '2012-10-16', 595109.7, 'Y', 66123.3, '10%', 4),
    ( NOW(), NOW(), '소매', '소량 주문', '2020-08-21', '배송 일정 조율 필요', 639116, 49, 'SALES', '2020-08-06', 575204.4, 'Y', 63911.600000000006, '10%', 2),
    ( NOW(), NOW(), '도매', '일반 판매', '2021-06-09', '정기 배송 필요', 731725, 13, 'SALES', '2021-05-15', 658552.5, 'N', 0, '0%', 3),
    ( NOW(), NOW(), '도매', '정기 주문', '2014-12-27', '정기 배송 필요', 887478, 14, 'SALES', '2014-12-14', 798730.2, 'Y', 88747.8, '10%', 2),
    ( NOW(), NOW(), '소매', '정기 주문', '2011-01-24', '고객 피드백 반영 필요', 864005, 45, 'SALES', '2010-12-27', 777604.5, 'Y', 86400.5, '10%', 4),
    ( NOW(), NOW(), '소매', '정기 주문', '2015-10-25', '고객 피드백 반영 필요', 893813, 36, 'SALES', '2015-10-04', 804431.7, 'Y', 89381.3, '10%', 1),
    ( NOW(), NOW(), '도매', '일반 판매', '2012-06-04', '특별 가격 협상 완료', 974309, 1, 'SALES', '2012-05-08', 876878.1, 'Y', 97430.90000000001, '10%', 4),
    ( NOW(), NOW(), '도매', '정기 주문', '2011-03-06', '고객 피드백 반영 필요', 921441, 9, 'SALES', '2011-02-28', 829296.9, 'Y', 92144.1, '10%', 5),
    ( NOW(), NOW(), '소매', '소량 주문', '2015-07-04', '고객 피드백 반영 필요', 687644, 38, 'SALES', '2015-06-25', 618879.6, 'Y', 68764.40000000001, '10%', 1),
    ( NOW(), NOW(), '소매', '소량 주문', '2022-01-26', '고객 피드백 반영 필요', 763220, 24, 'SALES', '2022-01-08', 686898.0, 'Y', 76322.0, '10%', 3),
    ( NOW(), NOW(), '소매', '대량 주문', '2011-04-10', '배송 일정 조율 필요', 651522, 9, 'SALES', '2011-03-17', 586369.8, 'N', 0, '0%', 1),
    ( NOW(), NOW(), '도매', '정기 주문', '2011-11-15', '배송 일정 조율 필요', 638329, 5, 'SALES', '2011-10-21', 574496.1, 'N', 0, '0%', 2),
    ( NOW(), NOW(), '도매', '정기 주문', '2015-03-07', '특별 가격 협상 완료', 823876, 14, 'SALES', '2015-03-02', 741488.4, 'Y', 82387.6, '10%', 4),
    ( NOW(), NOW(), '소매', '정기 주문', '2015-11-03', '특별 가격 협상 완료', 943455, 18, 'SALES', '2015-10-28', 849109.5, 'N', 0, '0%', 2),
    ( NOW(), NOW(), '도매', '대량 주문', '2020-01-14', '정기 배송 필요', 903104, 7, 'SALES', '2020-01-04', 812793.6, 'N', 0, '0%', 3),
    ( NOW(), NOW(), '도매', '정기 주문', '2013-09-06', '고객 요청 사항 반영', 791748, 23, 'SALES', '2013-08-15', 712573.2, 'N', 0, '0%', 4),
    ( NOW(), NOW(), '도매', '소량 주문', '2010-06-05', '특별 가격 협상 완료', 703720, 34, 'SALES', '2010-05-19', 633348.0, 'N', 0, '0%', 5),
    ( NOW(), NOW(), '소매', '대량 주문', '2017-01-01', '정기 배송 필요', 850956, 20, 'SALES', '2016-12-23', 765860.4, 'N', 0, '0%', 5),
    ( NOW(), NOW(), '소매', '일반 판매', '2015-02-02', '특별 가격 협상 완료', 580275, 22, 'SALES', '2015-01-27', 522247.5, 'Y', 58027.5, '10%', 1),
    ( NOW(), NOW(), '도매', '소량 주문', '2018-02-25', '고객 요청 사항 반영', 733249, 9, 'SALES', '2018-02-07', 659924.1, 'N', 0, '0%', 2),
    ( NOW(), NOW(), '소매', '소량 주문', '2020-01-02', '배송 일정 조율 필요', 587718, 47, 'SALES', '2019-12-04', 528946.2, 'Y', 58771.8, '10%', 1),
    ( NOW(), NOW(), '도매', '일반 판매', '2012-04-30', '배송 일정 조율 필요', 712490, 20, 'SALES', '2012-04-11', 641241.0, 'N', 0, '0%', 3),
    ( NOW(), NOW(), '소매', '대량 주문', '2014-04-11', '고객 피드백 반영 필요', 712586, 6, 'SALES', '2014-03-19', 641327.4, 'N', 0, '0%', 4),
    ( NOW(), NOW(), '도매', '일반 판매', '2023-05-04', '배송 일정 조율 필요', 615930, 34, 'SALES', '2023-04-24', 554337.0, 'N', 0, '0%', 3),
    ( NOW(), NOW(), '소매', '정기 주문', '2018-03-11', '정기 배송 필요', 811032, 14, 'SALES', '2018-02-13', 729928.8, 'N', 0, '0%', 5),
    ( NOW(), NOW(), '도매', '정기 주문', '2010-08-14', '정기 배송 필요', 523753, 19, 'SALES', '2010-07-25', 471377.7, 'Y', 52375.3, '10%', 4),
    ( NOW(), NOW(), '소매', '소량 주문', '2017-06-11', '고객 요청 사항 반영', 530006, 5, 'SALES', '2017-05-13', 477005.4, 'N', 0, '0%', 3),
    ( NOW(), NOW(), '도매', '소량 주문', '2020-12-09', '고객 피드백 반영 필요', 557542, 34, 'SALES', '2020-11-28', 501787.8, 'N', 0, '0%', 1),
    ( NOW(), NOW(), '소매', '일반 판매', '2014-09-23', '정기 배송 필요', 902186, 30, 'SALES', '2014-09-02', 811967.4, 'Y', 90218.6, '10%', 3),
    ( NOW(), NOW(), '도매', '정기 주문', '2011-02-18', '배송 일정 조율 필요', 653780, 18, 'SALES', '2011-02-02', 588402.0, 'Y', 65378.0, '10%', 3),
    ( NOW(), NOW(), '도매', '대량 주문', '2018-01-02', '정기 배송 필요', 855792, 36, 'SALES', '2017-12-10', 770212.8, 'Y', 85579.20000000001, '10%', 4),
    ( NOW(), NOW(), '도매', '일반 판매', '2022-03-15', '고객 요청 사항 반영', 698112, 28, 'SALES', '2022-02-20', 628300.8, 'N', 0, '0%', 3),
    ( NOW(), NOW(), '소매', '대량 주문', '2011-03-07', '고객 피드백 반영 필요', 908444, 50, 'SALES', '2011-02-07', 817599.6, 'Y', 90844.40000000001, '10%', 4),
    ( NOW(), NOW(), '도매', '정기 주문', '2019-12-16', '특별 가격 협상 완료', 638701, 32, 'SALES', '2019-12-07', 574830.9, 'Y', 63870.100000000006, '10%', 4),
    ( NOW(), NOW(), '소매', '대량 주문', '2015-10-17', '배송 일정 조율 필요', 632029, 45, 'SALES', '2015-10-10', 568826.1, 'Y', 63202.9, '10%', 1),
    ( NOW(), NOW(), '도매', '일반 판매', '2020-04-15', '고객 피드백 반영 필요', 542849, 8, 'SALES', '2020-04-06', 488564.1, 'N', 0, '0%', 2),
    ( NOW(), NOW(), '소매', '정기 주문', '2013-09-04', '정기 배송 필요', 629138, 6, 'SALES', '2013-08-05', 566224.2, 'Y', 62913.8, '10%', 3),
    ( NOW(), NOW(), '도매', '정기 주문', '2022-12-17', '정기 배송 필요', 757443, 2, 'SALES', '2022-12-04', 681698.7, 'Y', 75744.3, '10%', 1),
    ( NOW(), NOW(), '소매', '일반 판매', '2019-11-13', '특별 가격 협상 완료', 876074, 34, 'SALES', '2019-10-26', 788466.6, 'N', 0, '0%', 5),
    ( NOW(), NOW(), '도매', '대량 주문', '2020-04-03', '정기 배송 필요', 912728, 47, 'SALES', '2020-03-22', 821455.2, 'N', 0, '0%', 2),
    ( NOW(), NOW(), '소매', '대량 주문', '2022-08-15', '고객 피드백 반영 필요', 808750, 50, 'SALES', '2022-07-25', 727875.0, 'N', 0, '0%', 3),
    ( NOW(), NOW(), '도매', '소량 주문', '2017-12-22', '정기 배송 필요', 712174, 46, 'SALES', '2017-11-23', 640956.6, 'Y', 71217.40000000001, '10%', 1),
    ( NOW(), NOW(), '소매', '정기 주문', '2017-05-19', '고객 피드백 반영 필요', 651892, 2, 'SALES', '2017-05-14', 586702.8, 'Y', 65189.200000000004, '10%', 3),
    ( NOW(), NOW(), '도매', '대량 주문', '2021-11-19', '고객 요청 사항 반영', 966705, 6, 'SALES', '2021-11-13', 870034.5, 'Y', 96670.5, '10%', 5),
    ( NOW(), NOW(), '도매', '소량 주문', '2021-02-14', '배송 일정 조율 필요', 518107, 50, 'SALES', '2021-02-02', 466296.3, 'N', 0, '0%', 4),
    ( NOW(), NOW(), '소매', '일반 판매', '2012-08-31', '정기 배송 필요', 598960, 31, 'SALES', '2012-08-17', 539064.0, 'Y', 59896.0, '10%', 5),
    ( NOW(), NOW(), '소매', '일반 판매', '2018-10-25', '특별 가격 협상 완료', 647979, 34, 'SALES', '2018-10-01', 583181.1, 'Y', 64797.9, '10%', 4),
    ( NOW(), NOW(), '도매', '대량 주문', '2021-08-23', '특별 가격 협상 완료', 508458, 30, 'SALES', '2021-07-24', 457612.2, 'N', 0, '0%', 4),
    ( NOW(), NOW(), '소매', '대량 주문', '2023-01-05', '특별 가격 협상 완료', 504497, 43, 'SALES', '2022-12-17', 454047.3, 'N', 0, '0%', 5),
    ( NOW(), NOW(), '도매', '소량 주문', '2016-05-09', '고객 요청 사항 반영', 727319, 50, 'SALES', '2016-04-13', 654587.1, 'Y', 72731.90000000001, '10%', 5),
    ( NOW(), NOW(), '소매', '소량 주문', '2014-03-01', '고객 피드백 반영 필요', 702818, 32, 'SALES', '2014-02-04', 632536.2, 'Y', 70281.8, '10%', 3),
    ( NOW(), NOW(), '소매', '일반 판매', '2016-07-27', '고객 피드백 반영 필요', 754553, 25, 'SALES', '2016-07-07', 679097.7, 'N', 0, '0%', 2),
    ( NOW(), NOW(), '도매', '정기 주문', '2015-09-15', '특별 가격 협상 완료', 806620, 34, 'SALES', '2015-08-21', 725958.0, 'Y', 80662.0, '10%', 3),
    ( NOW(), NOW(), '도매', '소량 주문', '2020-07-05', '고객 요청 사항 반영', 864950, 26, 'SALES', '2020-06-10', 778455.0, 'Y', 86495.0, '10%', 2),
    ( NOW(), NOW(), '소매', '일반 판매', '2018-12-18', '정기 배송 필요', 663439, 33, 'SALES', '2018-11-19', 597095.1, 'N', 0, '0%', 3),
    ( NOW(), NOW(), '소매', '소량 주문', '2015-03-03', '배송 일정 조율 필요', 997610, 20, 'SALES', '2015-02-09', 897849.0, 'Y', 99761.0, '10%', 2),
    ( NOW(), NOW(), '소매', '정기 주문', '2012-12-27', '특별 가격 협상 완료', 806519, 47, 'SALES', '2012-12-05', 725867.1, 'Y', 80651.90000000001, '10%', 4),
    ( NOW(), NOW(), '소매', '정기 주문', '2022-07-22', '고객 요청 사항 반영', 836560, 3, 'SALES', '2022-06-24', 752904.0, 'N', 0, '0%', 2),
    ( NOW(), NOW(), '도매', '대량 주문', '2016-11-24', '정기 배송 필요', 787052, 7, 'SALES', '2016-11-14', 708346.8, 'N', 0, '0%', 4),
    ( NOW(), NOW(), '소매', '정기 주문', '2011-09-16', '배송 일정 조율 필요', 720906, 36, 'SALES', '2011-08-19', 648815.4, 'N', 0, '0%', 3),
    ( NOW(), NOW(), '소매', '소량 주문', '2020-01-10', '정기 배송 필요', 748745, 8, 'SALES', '2019-12-27', 673870.5, 'Y', 74874.5, '10%', 3),
    ( NOW(), NOW(), '도매', '정기 주문', '2018-04-04', '정기 배송 필요', 668418, 43, 'SALES', '2018-03-19', 601576.2, 'Y', 66841.8, '10%', 3),
    ( NOW(), NOW(), '소매', '소량 주문', '2010-07-03', '정기 배송 필요', 814272, 44, 'SALES', '2010-06-17', 732844.8, 'N', 0, '0%', 5),
    ( NOW(), NOW(), '도매', '대량 주문', '2022-03-28', '정기 배송 필요', 880296, 48, 'SALES', '2022-02-26', 792266.4, 'Y', 88029.6, '10%', 2),
    ( NOW(), NOW(), '소매', '소량 주문', '2021-05-26', '정기 배송 필요', 556502, 33, 'SALES', '2021-05-09', 500851.8, 'Y', 55650.200000000004, '10%', 4),
    ( NOW(), NOW(), '소매', '대량 주문', '2020-04-27', '고객 요청 사항 반영', 669999, 20, 'SALES', '2020-04-19', 602999.1, 'N', 0, '0%', 3),
    ( NOW(), NOW(), '소매', '정기 주문', '2023-08-01', '고객 요청 사항 반영', 647955, 27, 'SALES', '2023-07-12', 583159.5, 'Y', 64795.5, '10%', 4),
    ( NOW(), NOW(), '소매', '소량 주문', '2017-01-18', '고객 피드백 반영 필요', 509256, 48, 'SALES', '2016-12-23', 458330.4, 'N', 0, '0%', 2),
    ( NOW(), NOW(), '도매', '대량 주문', '2015-12-08', '특별 가격 협상 완료', 939719, 11, 'SALES', '2015-11-21', 845747.1, 'Y', 93971.90000000001, '10%', 3),
    ( NOW(), NOW(), '소매', '정기 주문', '2021-07-28', '고객 피드백 반영 필요', 651214, 23, 'SALES', '2021-07-03', 586092.6, 'N', 0, '0%', 1),
    ( NOW(), NOW(), '도매', '정기 주문', '2019-07-04', '배송 일정 조율 필요', 598058, 41, 'SALES', '2019-06-10', 538252.2, 'N', 0, '0%', 3),
    ( NOW(), NOW(), '소매', '소량 주문', '2014-02-05', '고객 요청 사항 반영', 555893, 44, 'SALES', '2014-01-22', 500303.7, 'Y', 55589.3, '10%', 4),
    ( NOW(), NOW(), '소매', '일반 판매', '2014-04-07', '특별 가격 협상 완료', 647416, 24, 'SALES', '2014-03-21', 582674.4, 'Y', 64741.600000000006, '10%', 1),
    ( NOW(), NOW(), '소매', '대량 주문', '2023-05-11', '배송 일정 조율 필요', 799761, 18, 'SALES', '2023-04-17', 719784.9, 'N', 0, '0%', 5),
    ( NOW(), NOW(), '소매', '일반 판매', '2022-02-05', '배송 일정 조율 필요', 955696, 12, 'SALES', '2022-01-13', 860126.4, 'Y', 95569.6, '10%', 1),
    ( NOW(), NOW(), '소매', '일반 판매', '2015-09-02', '고객 요청 사항 반영', 826173, 14, 'SALES', '2015-08-11', 743555.7, 'Y', 82617.3, '10%', 2),
    ( NOW(), NOW(), '소매', '정기 주문', '2016-12-01', '고객 요청 사항 반영', 506096, 15, 'SALES', '2016-11-22', 455486.4, 'N', 0, '0%', 1),
    ( NOW(), NOW(), '도매', '일반 판매', '2014-02-07', '고객 요청 사항 반영', 977975, 45, 'SALES', '2014-01-22', 880177.5, 'N', 0, '0%', 3),
    ( NOW(), NOW(), '도매', '대량 주문', '2011-06-22', '정기 배송 필요', 695224, 44, 'SALES', '2011-06-17', 625701.6, 'Y', 69522.40000000001, '10%', 2),
    ( NOW(), NOW(), '소매', '대량 주문', '2022-09-13', '정기 배송 필요', 985280, 19, 'SALES', '2022-08-26', 886752.0, 'N', 0, '0%', 3),
    ( NOW(), NOW(), '도매', '일반 판매', '2020-08-16', '고객 요청 사항 반영', 552048, 43, 'SALES', '2020-08-11', 496843.2, 'Y', 55204.8, '10%', 5),
    ( NOW(), NOW(), '소매', '정기 주문', '2015-11-07', '정기 배송 필요', 890657, 44, 'SALES', '2015-10-21', 801591.3, 'N', 0, '0%', 1),
    ( NOW(), NOW(), '소매', '소량 주문', '2017-04-27', '배송 일정 조율 필요', 806093, 25, 'SALES', '2017-04-02', 725483.7, 'Y', 80609.3, '10%', 4),
    ( NOW(), NOW(), '도매', '대량 주문', '2011-05-12', '정기 배송 필요', 665503, 17, 'SALES', '2011-04-18', 598952.7, 'N', 0, '0%', 4),
    ( NOW(), NOW(), '도매', '일반 판매', '2017-09-30', '고객 피드백 반영 필요', 795136, 48, 'SALES', '2017-09-22', 715622.4, 'Y', 79513.6, '10%', 5),
    ( NOW(), NOW(), '소매', '일반 판매', '2022-12-04', '특별 가격 협상 완료', 634970, 32, 'SALES', '2022-11-20', 571473.0, 'Y', 63497.0, '10%', 4),
    ( NOW(), NOW(), '소매', '정기 주문', '2011-11-15', '고객 피드백 반영 필요', 631533, 26, 'SALES', '2011-11-02', 568379.7, 'Y', 63153.3, '10%', 1),
    ( NOW(), NOW(), '소매', '소량 주문', '2011-09-17', '특별 가격 협상 완료', 708906, 38, 'SALES', '2011-09-08', 638015.4, 'Y', 70890.6, '10%', 1),
    ( NOW(), NOW(), '도매', '정기 주문', '2020-03-07', '고객 피드백 반영 필요', 508897, 18, 'SALES', '2020-02-19', 458007.3, 'N', 0, '0%', 2),
    ( NOW(), NOW(), '소매', '일반 판매', '2013-01-03', '특별 가격 협상 완료', 868587, 41, 'SALES', '2012-12-08', 781728.3, 'N', 0, '0%', 5),
    ( NOW(), NOW(), '소매', '소량 주문', '2015-10-16', '특별 가격 협상 완료', 732717, 23, 'SALES', '2015-09-25', 659445.3, 'N', 0, '0%', 3),
    ( NOW(), NOW(), '도매', '대량 주문', '2010-12-07', '배송 일정 조율 필요', 904581, 20, 'SALES', '2010-11-25', 814122.9, 'Y', 90458.1, '10%', 3),
    ( NOW(), NOW(), '도매', '일반 판매', '2022-01-04', '정기 배송 필요', 930945, 28, 'SALES', '2021-12-19', 837850.5, 'Y', 93094.5, '10%', 3),
    ( NOW(), NOW(), '도매', '소량 주문', '2011-11-21', '정기 배송 필요', 976656, 4, 'SALES', '2011-11-12', 878990.4, 'Y', 97665.6, '10%', 1),
    ( NOW(), NOW(), '소매', '대량 주문', '2018-04-11', '고객 요청 사항 반영', 884100, 35, 'SALES', '2018-04-06', 795690.0, 'N', 0, '0%', 1),
    ( NOW(), NOW(), '소매', '정기 주문', '2016-06-11', '특별 가격 협상 완료', 686861, 27, 'SALES', '2016-05-14', 618174.9, 'Y', 68686.1, '10%', 1),
    ( NOW(), NOW(), '소매', '대량 주문', '2015-01-27', '정기 배송 필요', 698592, 6, 'SALES', '2015-01-15', 628732.8, 'N', 0, '0%', 2),
    ( NOW(), NOW(), '소매', '소량 주문', '2016-06-20', '특별 가격 협상 완료', 825494, 23, 'SALES', '2016-05-21', 742944.6, 'Y', 82549.40000000001, '10%', 5);

INSERT INTO tb_sub_process (sub_process_no, created_at, updated_at, action, expected_duration, progress_step, sub_process_name, success_rate, process_no)
VALUES
    (1, NOW(), NOW(), '고객 상담 진행', 15, '초기 상담', '상담', 80, 1),
    (2, NOW(), NOW(), '계약 협의 진행', 20, '계약 협의', '계약', 70, 2),
    (3, NOW(), NOW(), '견적서 작성 완료', 10, '견적 작성', '견적', 85, 3),
    (4, NOW(), NOW(), '프로젝트 계획 수립', 25, '계획 수립', '계획', 75, 4),
    (5, NOW(), NOW(), '최종 보고서 작성', 30, '보고서 작성', '보고서', 90, 5);

INSERT INTO tb_step (step_no, complete_date, complete_yn, level, lead_no, sub_process_no)
VALUES
    (1, '2024-07-15', 'Y', 1, 1, 1),
    (2, '2024-08-20', 'N', 2, 2, 2),
    (3, '2024-09-10', 'Y', 3, 3, 3),
    (4, '2024-10-05', 'N', 4, 4, 4),
    (5, '2024-11-01', 'Y', 5, 5, 5);

INSERT INTO tb_target_sale (target_sale_no, created_at, updated_at, month, month_target, year, product_no, user_no)
VALUES
    (1, NOW(), NOW(), 7, 500000, 2024, 1, 1),
    (2, NOW(), NOW(), 8, 300000, 2024, 2, 2),
    (3, NOW(), NOW(), 9, 200000, 2024, 3, 3),
    (4, NOW(), NOW(), 10, 450000, 2024, 4, 4),
    (5, NOW(), NOW(), 11, 350000, 2024, 5, 5);
